run,filter,eligible_candidates,eligible_positives,eligible_positive_rate,max_recall_against_base,recall_target,status,score_threshold,alerts,alerts_per_base_event_day,alerts_per_eligible_event_day,true_positive_alerts,precision,recall_against_base,base_event_days,eligible_event_days
regenerated,base_future_distance_le_4km,5111847,231725,0.0453309733252971,1.0,0.1,ok,0.843945376877356,80266,37.28100325127729,37.28100325127729,23173,0.28870256397478383,0.10000215773006797,2153,2153
regenerated,base_future_distance_le_4km,5111847,231725,0.0453309733252971,1.0,0.15,ok,0.8184172652057863,129596,60.19321876451463,60.19321876451463,34759,0.26821043859378374,0.15000107886503397,2153,2153
regenerated,base_future_distance_le_4km,5111847,231725,0.0453309733252971,1.0,0.2,ok,0.787138759673654,184248,85.57733395262424,85.57733395262424,46345,0.251535973253441,0.2,2153,2153
regenerated,base_future_distance_le_4km,5111847,231725,0.0453309733252971,1.0,0.25,ok,0.7436147198776902,244820,113.71110078959592,113.71110078959592,57932,0.23663099419982028,0.25000323659510193,2153,2153
regenerated,distance_le_3km,3627933,214302,0.0590699993632738,0.9248117380515698,0.1,ok,0.843945376877356,80266,37.28100325127729,37.28100325127729,23173,0.28870256397478383,0.10000215773006797,2153,2153
regenerated,distance_le_3km,3627933,214302,0.0590699993632738,0.9248117380515698,0.15,ok,0.8184172652057863,129596,60.19321876451463,60.19321876451463,34759,0.26821043859378374,0.15000107886503397,2153,2153
regenerated,distance_le_3km,3627933,214302,0.0590699993632738,0.9248117380515698,0.2,ok,0.787138759673654,184248,85.57733395262424,85.57733395262424,46345,0.251535973253441,0.2,2153,2153
regenerated,distance_le_3km,3627933,214302,0.0590699993632738,0.9248117380515698,0.25,ok,0.7436147198776902,244820,113.71110078959592,113.71110078959592,57932,0.23663099419982028,0.25000323659510193,2153,2153
regenerated,distance_le_2km,2257811,187065,0.08285237338289166,0.8072715503290538,0.1,ok,0.843945376877356,80266,37.28100325127729,37.28100325127729,23173,0.28870256397478383,0.10000215773006797,2153,2153
regenerated,distance_le_2km,2257811,187065,0.08285237338289166,0.8072715503290538,0.15,ok,0.8184172652057863,129596,60.19321876451463,60.19321876451463,34759,0.26821043859378374,0.15000107886503397,2153,2153
regenerated,distance_le_2km,2257811,187065,0.08285237338289166,0.8072715503290538,0.2,ok,0.787138759673654,184248,85.57733395262424,85.57733395262424,46345,0.251535973253441,0.2,2153,2153
regenerated,distance_le_2km,2257811,187065,0.08285237338289166,0.8072715503290538,0.25,ok,0.7436147198776902,244817,113.70970738504413,113.70970738504413,57932,0.23663389388808784,0.25000323659510193,2153,2153
regenerated,stage1_probability_ge_0_10,1975749,151772,0.07681744998985195,0.6549660157514295,0.1,ok,0.8321475092072129,76120,35.35531816070599,40.06315789473684,23173,0.30442722017866525,0.10000215773006797,2153,1900
regenerated,stage1_probability_ge_0_10,1975749,151772,0.07681744998985195,0.6549660157514295,0.15,ok,0.7894968807675014,124455,57.80538783093358,65.50263157894737,34759,0.27928970310554013,0.15000107886503397,2153,1900
regenerated,stage1_probability_ge_0_10,1975749,151772,0.07681744998985195,0.6549660157514295,0.2,ok,0.7229108442934971,183021,85.00743149094286,96.32684210526315,46345,0.2532223078225996,0.2,2153,1900
regenerated,stage1_probability_ge_0_10,1975749,151772,0.07681744998985195,0.6549660157514295,0.25,ok,0.6545341106676615,251563,116.84300975383186,132.40157894736842,57932,0.2302882379364215,0.25000323659510193,2153,1900
regenerated,stage1_probability_ge_0_20,1066548,113289,0.10622025450331349,0.48889416334016617,0.1,ok,0.8180444003019597,72881,33.850905712958664,44.11682808716707,23173,0.3179566690907095,0.10000215773006797,2153,1652
regenerated,stage1_probability_ge_0_20,1066548,113289,0.10622025450331349,0.48889416334016617,0.15,ok,0.7466409694034439,121880,56.609382257315374,73.7772397094431,34759,0.2851903511650804,0.15000107886503397,2153,1652
regenerated,stage1_probability_ge_0_20,1066548,113289,0.10622025450331349,0.48889416334016617,0.2,ok,0.6571940157361489,182958,84.97816999535532,110.74939467312349,46345,0.25330950272740194,0.2,2153,1652
regenerated,stage1_probability_ge_0_20,1066548,113289,0.10622025450331349,0.48889416334016617,0.25,ok,0.578825697844676,248513,115.4263817928472,150.431598062954,57932,0.23311456543520861,0.25000323659510193,2153,1652
regenerated,stage1_probability_ge_0_30,582579,81046,0.13911589672816904,0.34975078217714967,0.1,ok,0.7897875287372059,70119,32.56804458894566,47.961012311901506,23173,0.3304810393759181,0.10000215773006797,2153,1462
regenerated,stage1_probability_ge_0_30,582579,81046,0.13911589672816904,0.34975078217714967,0.15,ok,0.6715930478038664,121973,56.65257779842081,83.42886456908344,34759,0.2849729038393743,0.15000107886503397,2153,1462
regenerated,stage1_probability_ge_0_30,582579,81046,0.13911589672816904,0.34975078217714967,0.2,ok,0.5654862343922052,180455,83.81560613098003,123.43023255813954,46345,0.2568230306724668,0.2,2153,1462
regenerated,stage1_probability_ge_0_30,582579,81046,0.13911589672816904,0.34975078217714967,0.25,ok,0.4260522353128659,263090,122.19693450998606,179.95212038303694,57932,0.22019841119008704,0.25000323659510193,2153,1462
regenerated,stage1_top_mask,43164,7264,0.16828838847187472,0.03134750242744633,0.1,target_unreachable,,0,0.0,0.0,0,,0.0,0,0
regenerated,stage1_top_mask,43164,7264,0.16828838847187472,0.03134750242744633,0.15,target_unreachable,,0,0.0,0.0,0,,0.0,0,0
regenerated,stage1_top_mask,43164,7264,0.16828838847187472,0.03134750242744633,0.2,target_unreachable,,0,0.0,0.0,0,,0.0,0,0
regenerated,stage1_top_mask,43164,7264,0.16828838847187472,0.03134750242744633,0.25,target_unreachable,,0,0.0,0.0,0,,0.0,0,0
regenerated,wind_alignment_ge_0,2624075,104607,0.03986433314596572,0.45142733843996113,0.1,ok,0.7763195946981627,95877,44.53181607059916,44.53181607059916,23173,0.24169508849880575,0.10000215773006797,2153,2153
regenerated,wind_alignment_ge_0,2624075,104607,0.03986433314596572,0.45142733843996113,0.15,ok,0.6814316771904277,161342,74.93822573153739,74.93822573153739,34759,0.21543677405759196,0.15000107886503397,2153,2153
regenerated,wind_alignment_ge_0,2624075,104607,0.03986433314596572,0.45142733843996113,0.2,ok,0.5895085833327658,240208,111.56897352531351,111.56897352531351,46345,0.1929369546393126,0.2,2153,2153
regenerated,wind_alignment_ge_0,2624075,104607,0.03986433314596572,0.45142733843996113,0.25,ok,0.4714600219663294,353516,164.19693450998608,164.19693450998608,57932,0.16387377091843086,0.25000323659510193,2153,2153
regenerated,forecast_wind_alignment_ge_0,2497542,117428,0.04701742753475217,0.5067558528428093,0.1,ok,0.7877860018351067,89414,41.529958197863444,41.529958197863444,23173,0.2591652313955309,0.10000215773006797,2153,2153
regenerated,forecast_wind_alignment_ge_0,2497542,117428,0.04701742753475217,0.5067558528428093,0.15,ok,0.6951355605026635,154587,71.80074314909429,71.80074314909429,34759,0.22485073130340844,0.15000107886503397,2153,2153
regenerated,forecast_wind_alignment_ge_0,2497542,117428,0.04701742753475217,0.5067558528428093,0.2,ok,0.6085079921007079,228346,106.05945192754297,106.05945192754297,46345,0.2029595438501222,0.2,2153,2153
regenerated,forecast_wind_alignment_ge_0,2497542,117428,0.04701742753475217,0.5067558528428093,0.25,ok,0.5097831853326769,326833,151.80352995819786,151.80352995819786,57932,0.17725260301132384,0.25000323659510193,2153,2153
regenerated,distance_le_3km_and_forecast_wind_ge_0,1769556,108620,0.0613826293149242,0.4687452799654763,0.1,ok,0.7877860018351067,89414,41.529958197863444,41.54925650557621,23173,0.2591652313955309,0.10000215773006797,2153,2152
regenerated,distance_le_3km_and_forecast_wind_ge_0,1769556,108620,0.0613826293149242,0.4687452799654763,0.15,ok,0.6951355605026635,154587,71.80074314909429,71.83410780669145,34759,0.22485073130340844,0.15000107886503397,2153,2152
regenerated,distance_le_3km_and_forecast_wind_ge_0,1769556,108620,0.0613826293149242,0.4687452799654763,0.2,ok,0.6085079921007079,228344,106.05852299117511,106.10780669144981,46345,0.20296132151490734,0.2,2153,2152
regenerated,distance_le_3km_and_forecast_wind_ge_0,1769556,108620,0.0613826293149242,0.4687452799654763,0.25,ok,0.50974151706468,326149,151.48583372039016,151.55622676579927,57932,0.17762433734274824,0.25000323659510193,2153,2152
regenerated,distance_le_3km_and_stage1_probability_ge_0_10,1565187,143261,0.09152963831158832,0.6182371345344697,0.1,ok,0.8321475092072129,76120,35.35531816070599,40.48936170212766,23173,0.30442722017866525,0.10000215773006797,2153,1880
regenerated,distance_le_3km_and_stage1_probability_ge_0_10,1565187,143261,0.09152963831158832,0.6182371345344697,0.15,ok,0.7894968807675014,124455,57.80538783093358,66.19946808510639,34759,0.27928970310554013,0.15000107886503397,2153,1880
regenerated,distance_le_3km_and_stage1_probability_ge_0_10,1565187,143261,0.09152963831158832,0.6182371345344697,0.2,ok,0.7229108442934971,183021,85.00743149094286,97.35159574468085,46345,0.2532223078225996,0.2,2153,1880
regenerated,distance_le_3km_and_stage1_probability_ge_0_10,1565187,143261,0.09152963831158832,0.6182371345344697,0.25,ok,0.6545341106676615,251564,116.84347422201579,133.81063829787234,57932,0.2302873225103751,0.25000323659510193,2153,1880
tanisha_ckpt_rerun,base_future_distance_le_4km,5111847,231725,0.0453309733252971,1.0,0.1,ok,0.8404678021882992,74326,34.522062238736645,34.522062238736645,23173,0.3117751527056481,0.10000215773006797,2153,2153
tanisha_ckpt_rerun,base_future_distance_le_4km,5111847,231725,0.0453309733252971,1.0,0.15,ok,0.8220018728222218,124243,57.70692057594055,57.70692057594055,34759,0.2797662644977987,0.15000107886503397,2153,2153
tanisha_ckpt_rerun,base_future_distance_le_4km,5111847,231725,0.0453309733252971,1.0,0.2,ok,0.7979776875513173,174970,81.26799814212727,81.26799814212727,46345,0.2648739783962965,0.2,2153,2153
tanisha_ckpt_rerun,base_future_distance_le_4km,5111847,231725,0.0453309733252971,1.0,0.25,ok,0.7630094324934228,232989,108.21597770552717,108.21597770552717,57932,0.24864693182939968,0.25000323659510193,2153,2153
tanisha_ckpt_rerun,distance_le_3km,3627933,214302,0.0590699993632738,0.9248117380515698,0.1,ok,0.8404678021882992,74326,34.522062238736645,34.522062238736645,23173,0.3117751527056481,0.10000215773006797,2153,2153
tanisha_ckpt_rerun,distance_le_3km,3627933,214302,0.0590699993632738,0.9248117380515698,0.15,ok,0.8220018728222218,124243,57.70692057594055,57.70692057594055,34759,0.2797662644977987,0.15000107886503397,2153,2153
tanisha_ckpt_rerun,distance_le_3km,3627933,214302,0.0590699993632738,0.9248117380515698,0.2,ok,0.7979776875513173,174970,81.26799814212727,81.26799814212727,46345,0.2648739783962965,0.2,2153,2153
tanisha_ckpt_rerun,distance_le_3km,3627933,214302,0.0590699993632738,0.9248117380515698,0.25,ok,0.7630094324934228,232989,108.21597770552717,108.21597770552717,57932,0.24864693182939968,0.25000323659510193,2153,2153
tanisha_ckpt_rerun,distance_le_2km,2257811,187065,0.08285237338289166,0.8072715503290538,0.1,ok,0.8404678021882992,74326,34.522062238736645,34.522062238736645,23173,0.3117751527056481,0.10000215773006797,2153,2153
tanisha_ckpt_rerun,distance_le_2km,2257811,187065,0.08285237338289166,0.8072715503290538,0.15,ok,0.8220018728222218,124241,57.70599163957269,57.70599163957269,34759,0.27977076810392704,0.15000107886503397,2153,2153
tanisha_ckpt_rerun,distance_le_2km,2257811,187065,0.08285237338289166,0.8072715503290538,0.2,ok,0.7979776875513173,174966,81.26614026939154,81.26614026939154,46345,0.26488003383514513,0.2,2153,2153
tanisha_ckpt_rerun,distance_le_2km,2257811,187065,0.08285237338289166,0.8072715503290538,0.25,ok,0.7630094324934228,232978,108.21086855550395,108.21086855550395,57932,0.24865867163423155,0.25000323659510193,2153,2153
tanisha_ckpt_rerun,stage1_probability_ge_0_10,1382019,128544,0.09301174585877618,0.554726507713885,0.1,ok,0.832325455183315,71235,33.086391082210866,38.257250268528466,23173,0.32530357268196813,0.10000215773006797,2153,1862
tanisha_ckpt_rerun,stage1_probability_ge_0_10,1382019,128544,0.09301174585877618,0.554726507713885,0.15,ok,0.791892577558582,113794,52.85369252206224,61.11385606874329,34759,0.30545547216900715,0.15000107886503397,2153,1862
tanisha_ckpt_rerun,stage1_probability_ge_0_10,1382019,128544,0.09301174585877618,0.554726507713885,0.2,ok,0.7298605653495103,167687,77.88527635856944,90.05746509129968,46345,0.2763780137995193,0.2,2153,1862
tanisha_ckpt_rerun,stage1_probability_ge_0_10,1382019,128544,0.09301174585877618,0.554726507713885,0.25,ok,0.6695494564091522,226435,105.17185322805388,121.60848549946294,57932,0.2558438403956985,0.25000323659510193,2153,1862
tanisha_ckpt_rerun,stage1_probability_ge_0_20,793938,100625,0.1267416347372213,0.43424317617866004,0.1,ok,0.8246732461221944,69320,32.196934509986065,44.096692111959285,23173,0.33429024812463937,0.10000215773006797,2153,1572
tanisha_ckpt_rerun,stage1_probability_ge_0_20,793938,100625,0.1267416347372213,0.43424317617866004,0.15,ok,0.7686447745227653,112129,52.08035299581979,71.32888040712469,34759,0.30999117088353595,0.15000107886503397,2153,1572
tanisha_ckpt_rerun,stage1_probability_ge_0_20,793938,100625,0.1267416347372213,0.43424317617866004,0.2,ok,0.6941562182452712,166367,77.27217835578263,105.83142493638677,46345,0.2785708704250242,0.2,2153,1572
tanisha_ckpt_rerun,stage1_probability_ge_0_20,793938,100625,0.1267416347372213,0.43424317617866004,0.25,ok,0.5998999437792564,236891,110.02833255921969,150.6940203562341,57932,0.2445512915222613,0.25000323659510193,2153,1572
tanisha_ckpt_rerun,stage1_probability_ge_0_30,569082,84894,0.14917709574367138,0.3663566727802352,0.1,ok,0.8168130530720027,67955,31.562935438922434,49.207096307023896,23173,0.3410050768891178,0.10000215773006797,2153,1381
tanisha_ckpt_rerun,stage1_probability_ge_0_30,569082,84894,0.14917709574367138,0.3663566727802352,0.15,ok,0.7442948615786733,112602,52.30004644681839,81.53656770456192,34759,0.3086890108523827,0.15000107886503397,2153,1381
tanisha_ckpt_rerun,stage1_probability_ge_0_30,569082,84894,0.14917709574367138,0.3663566727802352,0.2,ok,0.6568685067422975,168731,78.37018114259173,122.18030412744388,46345,0.27466796261505,0.2,2153,1381
tanisha_ckpt_rerun,stage1_probability_ge_0_30,569082,84894,0.14917709574367138,0.3663566727802352,0.25,ok,0.5316775166967492,245285,113.92707849512308,177.61404779145548,57932,0.23618240006523025,0.25000323659510193,2153,1381
tanisha_ckpt_rerun,stage1_top_mask,43628,7937,0.1819244521866691,0.03425180709893192,0.1,target_unreachable,,0,0.0,0.0,0,,0.0,0,0
tanisha_ckpt_rerun,stage1_top_mask,43628,7937,0.1819244521866691,0.03425180709893192,0.15,target_unreachable,,0,0.0,0.0,0,,0.0,0,0
tanisha_ckpt_rerun,stage1_top_mask,43628,7937,0.1819244521866691,0.03425180709893192,0.2,target_unreachable,,0,0.0,0.0,0,,0.0,0,0
tanisha_ckpt_rerun,stage1_top_mask,43628,7937,0.1819244521866691,0.03425180709893192,0.25,target_unreachable,,0,0.0,0.0,0,,0.0,0,0
tanisha_ckpt_rerun,wind_alignment_ge_0,2624075,104607,0.03986433314596572,0.45142733843996113,0.1,ok,0.7904441367344127,91055,42.29215048769159,42.29215048769159,23173,0.2544945362692878,0.10000215773006797,2153,2153
tanisha_ckpt_rerun,wind_alignment_ge_0,2624075,104607,0.03986433314596572,0.45142733843996113,0.15,ok,0.7145735838771125,151521,70.37668369716674,70.37668369716674,34759,0.22940054513895763,0.15000107886503397,2153,2153
tanisha_ckpt_rerun,wind_alignment_ge_0,2624075,104607,0.03986433314596572,0.45142733843996113,0.2,ok,0.625614369070452,227707,105.76265675801207,105.76265675801207,46345,0.2035290966022125,0.2,2153,2153
tanisha_ckpt_rerun,wind_alignment_ge_0,2624075,104607,0.03986433314596572,0.45142733843996113,0.25,ok,0.5004609592629196,341012,158.38922433813283,158.38922433813283,57932,0.1698825847770753,0.25000323659510193,2153,2153
tanisha_ckpt_rerun,forecast_wind_alignment_ge_0,2497542,117428,0.04701742753475217,0.5067558528428093,0.1,ok,0.8002729147528534,84767,39.371574547143524,39.371574547143524,23173,0.2733728927530761,0.10000215773006797,2153,2153
tanisha_ckpt_rerun,forecast_wind_alignment_ge_0,2497542,117428,0.04701742753475217,0.5067558528428093,0.15,ok,0.7268880963510553,144450,67.09242916860195,67.09242916860195,34759,0.24062997577016268,0.15000107886503397,2153,2153
tanisha_ckpt_rerun,forecast_wind_alignment_ge_0,2497542,117428,0.04701742753475217,0.5067558528428093,0.2,ok,0.6513624755314877,212176,98.54900139340455,98.54900139340455,46345,0.21842715481487068,0.2,2153,2153
tanisha_ckpt_rerun,forecast_wind_alignment_ge_0,2497542,117428,0.04701742753475217,0.5067558528428093,0.25,ok,0.5449701501022514,309291,143.6558290757083,143.6558290757083,57932,0.18730580585920703,0.25000323659510193,2153,2153
tanisha_ckpt_rerun,distance_le_3km_and_forecast_wind_ge_0,1769556,108620,0.0613826293149242,0.4687452799654763,0.1,ok,0.8002729147528534,84767,39.371574547143524,39.389869888475836,23173,0.2733728927530761,0.10000215773006797,2153,2152
tanisha_ckpt_rerun,distance_le_3km_and_forecast_wind_ge_0,1769556,108620,0.0613826293149242,0.4687452799654763,0.15,ok,0.7268880963510553,144450,67.09242916860195,67.1236059479554,34759,0.24062997577016268,0.15000107886503397,2153,2152
tanisha_ckpt_rerun,distance_le_3km_and_forecast_wind_ge_0,1769556,108620,0.0613826293149242,0.4687452799654763,0.2,ok,0.6513609583582441,212117,98.52159777055272,98.56737918215613,46345,0.21848790997421236,0.2,2153,2152
tanisha_ckpt_rerun,distance_le_3km_and_forecast_wind_ge_0,1769556,108620,0.0613826293149242,0.4687452799654763,0.25,ok,0.5447862065705065,308896,143.4723641430562,143.53903345724908,57932,0.18754532269760696,0.25000323659510193,2153,2152
tanisha_ckpt_rerun,distance_le_3km_and_stage1_probability_ge_0_10,1144024,123004,0.10751872338342552,0.530818858560794,0.1,ok,0.832325455183315,71235,33.086391082210866,38.799019607843135,23173,0.32530357268196813,0.10000215773006797,2153,1836
tanisha_ckpt_rerun,distance_le_3km_and_stage1_probability_ge_0_10,1144024,123004,0.10751872338342552,0.530818858560794,0.15,ok,0.791892577558582,113794,52.85369252206224,61.97930283224401,34759,0.30545547216900715,0.15000107886503397,2153,1836
tanisha_ckpt_rerun,distance_le_3km_and_stage1_probability_ge_0_10,1144024,123004,0.10751872338342552,0.530818858560794,0.2,ok,0.7298605653495103,167687,77.88527635856944,91.33278867102396,46345,0.2763780137995193,0.2,2153,1836
tanisha_ckpt_rerun,distance_le_3km_and_stage1_probability_ge_0_10,1144024,123004,0.10751872338342552,0.530818858560794,0.25,ok,0.6695494564091522,226419,105.16442173711101,123.3218954248366,57932,0.25586191971521827,0.25000323659510193,2153,1836
